<?xml version="1.0" encoding="utf-8"?>
<extension type="module" version="1.0.0" client="site" method="upgrade">
    <name>Citis</name>
    <author>I</author>
    <version>1.0.0</version>
    <description>A simple Citis module.</description>
    <files>
        <filename>mod_citis.xml</filename>
        <filename module="mod_citis">mod_citis.php</filename>
        <filename>helper.php</filename>
        <filename>tmpl/default.php</filename>
        <filename>js/jquery-3.2.1.min.js</filename>
        <filename>js/ajax.js</filename>
        <folder>mysql</folder>
    </files>
    <install>
        <sql>
           <file driver="mysql" charset="utf8">mysql/create_table.sql</file>
        </sql>
    </install>
</extension>

